{
  "mode": "fallback",
  "ordered_ids": [
    1,
    11,
    9,
    14,
    18,
    8,
    12,
    20,
    10,
    4,
    7,
    16,
    19,
    15,
    13,
    2,
    3,
    5,
    17,
    6
  ],
  "ordered_points": [
    {
      "id": 1,
      "client_name": null,
      "address": "344010, г. Ростов-на-Дону, пр. Соколова, 62/186",
      "lat": 47.228929,
      "lon": 39.719192,
      "priority": "VIP",
      "time_window_start": null,
      "time_window_end": null,
      "service_time": null,
      "gnn_score": 0.06654030829668045
    },
    {
      "id": 11,
      "client_name": null,
      "address": "344010, г. Ростов-на-Дону, пр. Соколова, 62/186",
      "lat": 47.228929,
      "lon": 39.719192,
      "priority": "VIP",
      "time_window_start": null,
      "time_window_end": null,
      "service_time": null,
      "gnn_score": 0.06654030084609985
    },
    {
      "id": 9,
      "client_name": null,
      "address": "344006, г. Ростов-на-Дону, ул. Горького, д. 23",
      "lat": 47.223456,
      "lon": 39.726789,
      "priority": "Standart",
      "time_window_start": null,
      "time_window_end": null,
      "service_time": null,
      "gnn_score": 0.04083402454853058
    },
    {
      "id": 14,
      "client_name": null,
      "address": "344004, г. Ростов-на-Дону, пр. Кировский, д. 43",
      "lat": 47.219876,
      "lon": 39.732109,
      "priority": "Standart",
      "time_window_start": null,
      "time_window_end": null,
      "service_time": null,
      "gnn_score": 0.039188072085380554
    },
    {
      "id": 18,
      "client_name": null,
      "address": "344027, г. Ростов-на-Дону, ул. Мечникова, д. 55",
      "lat": 47.248765,
      "lon": 39.732109,
      "priority": "Standart",
      "time_window_start": null,
      "time_window_end": null,
      "service_time": null,
      "gnn_score": 0.025740846991539
    },
    {
      "id": 8,
      "client_name": null,
      "address": "344025, г. Ростов-на-Дону, пр. Ворошиловский, д. 32",
      "lat": 47.246892,
      "lon": 39.723456,
      "priority": "Standart",
      "time_window_start": null,
      "time_window_end": null,
      "service_time": null,
      "gnn_score": 0.030359692871570587
    },
    {
      "id": 12,
      "client_name": null,
      "address": "344029, г. Ростов-на-Дону, ул. Социалистическая, д. 54",
      "lat": 47.245678,
      "lon": 39.712398,
      "priority": "Standart",
      "time_window_start": null,
      "time_window_end": null,
      "service_time": null,
      "gnn_score": 0.04153471812605858
    },
    {
      "id": 20,
      "client_name": null,
      "address": "344012, г. Ростов-на-Дону, ул. Юфимцева, 16",
      "lat": 47.241057,
      "lon": 39.709558,
      "priority": "Standart",
      "time_window_start": null,
      "time_window_end": null,
      "service_time": null,
      "gnn_score": 0.06146449223160744
    },
    {
      "id": 10,
      "client_name": null,
      "address": "344012, г. Ростов-на-Дону, ул. Юфимцева, 16",
      "lat": 47.241057,
      "lon": 39.709558,
      "priority": "Standart",
      "time_window_start": null,
      "time_window_end": null,
      "service_time": null,
      "gnn_score": 0.06146448105573654
    },
    {
      "id": 4,
      "client_name": null,
      "address": "344009, г. Ростов-на-Дону, ул. Пушкинская, д. 89",
      "lat": 47.218765,
      "lon": 39.712345,
      "priority": "Standart",
      "time_window_start": null,
      "time_window_end": null,
      "service_time": null,
      "gnn_score": 0.04303387552499771
    },
    {
      "id": 7,
      "client_name": null,
      "address": "344015, г. Ростов-на-Дону, пр. Стачки, д. 45",
      "lat": 47.231234,
      "lon": 39.698765,
      "priority": "Standart",
      "time_window_start": null,
      "time_window_end": null,
      "service_time": null,
      "gnn_score": 0.052384570240974426
    },
    {
      "id": 16,
      "client_name": null,
      "address": "344019, г. Ростов-на-Дону, ул. Красноармейская, д. 67",
      "lat": 47.235671,
      "lon": 39.689543,
      "priority": "Standart",
      "time_window_start": null,
      "time_window_end": null,
      "service_time": null,
      "gnn_score": 0.047364894300699234
    },
    {
      "id": 19,
      "client_name": null,
      "address": "344092, г. Ростов-на-Дону, ул. Верная, д.77",
      "lat": 47.296381,
      "lon": 39.674925,
      "priority": "VIP",
      "time_window_start": null,
      "time_window_end": null,
      "service_time": null,
      "gnn_score": 0.03573386371135712
    },
    {
      "id": 15,
      "client_name": null,
      "address": "344041, г. Ростов-на-Дону, ул. Зорге, д. 33",
      "lat": 47.26789,
      "lon": 39.687654,
      "priority": "Standart",
      "time_window_start": null,
      "time_window_end": null,
      "service_time": null,
      "gnn_score": 0.03715887665748596
    },
    {
      "id": 13,
      "client_name": null,
      "address": "344032, г. Ростов-на-Дону, ул. Вавилова, д. 65",
      "lat": 47.256789,
      "lon": 39.698765,
      "priority": "Standart",
      "time_window_start": null,
      "time_window_end": null,
      "service_time": null,
      "gnn_score": 0.037821002304553986
    },
    {
      "id": 2,
      "client_name": null,
      "address": "344068, г. Ростов-на-Дону, пр. Михаила Нагибина, 32Вс1",
      "lat": 47.260138,
      "lon": 39.719047,
      "priority": "Standart",
      "time_window_start": null,
      "time_window_end": null,
      "service_time": null,
      "gnn_score": 0.030251558870077133
    },
    {
      "id": 3,
      "client_name": null,
      "address": "344038, г. Ростов-на-Дону, ул. Малиновского, д. 76",
      "lat": 47.26789,
      "lon": 39.734567,
      "priority": "Standart",
      "time_window_start": null,
      "time_window_end": null,
      "service_time": null,
      "gnn_score": 0.023643627762794495
    },
    {
      "id": 5,
      "client_name": null,
      "address": "344037, г. Ростов-на-Дону, ул. Таганрогская, д. 124",
      "lat": 47.258743,
      "lon": 39.745672,
      "priority": "Standart",
      "time_window_start": null,
      "time_window_end": null,
      "service_time": null,
      "gnn_score": 0.020466960966587067
    },
    {
      "id": 17,
      "client_name": null,
      "address": "344023, г. Ростов-на-Дону, пр. Ленина, д. 98",
      "lat": 47.241234,
      "lon": 39.745678,
      "priority": "Standart",
      "time_window_start": null,
      "time_window_end": null,
      "service_time": null,
      "gnn_score": 0.028845258057117462
    },
    {
      "id": 6,
      "client_name": null,
      "address": "344025, г. Ростов-на-Дону, ул. Сарьяна, 97Б",
      "lat": 47.230548,
      "lon": 39.781504,
      "priority": "VIP",
      "time_window_start": null,
      "time_window_end": null,
      "service_time": null,
      "gnn_score": 0.02778780087828636
    }
  ],
  "metrics": {
    "distance_km": 32.68064368680045,
    "estimated_travel_time_min": 49.02096553020068
  }
}